idx,orig_rhyme,num_outs,max,topk_min,topk_avg,topk_med,min,avg,med
0,10.066824709681853,75,1.2747474747474747,0.509231773517488,0.7264809661238232,0.6574933003504428,-1.2561671133099708,-0.341674333252137,-0.4041669831143526
